year,platform,artist_name,song_name,release_date,language
2012,song of the year,"Григорий Лепс, Тимати - Лондон",Песня Года,,russian
2012,song of the year,Бурановские Бабушки,Party For Everybody,,russian
2012,song of the year,Кристина Орбакайте,Ультрафиолет,,russian
2012,song of the year,Николай Басков,Странник,,russian
2012,song of the year,Нюша,Выше,,russian
2012,song of the year,Александр Серов,Ты Меня Любишь,,russian
2012,song of the year,Елена Ваенга,Где Была,,russian
2012,song of the year,Дмитрий Маликов,"Прости, Любимая, Прости",,russian
2012,song of the year,Алсу,Я К Тебе Не Подойду,,russian
2012,song of the year,Сергей Лазарев,Take It Off,,russian
2012,song of the year,Таисия Повалий,Я Помолюсь За Тебя,,russian
2012,song of the year,Иосиф Кобзон,Ноктюрн,,russian
2012,song of the year,Ани Лорак,Обними Меня,,russian
2012,song of the year,Владимир Пресняков,Некудышный Ангел,,russian
2012,song of the year,"Dj Анатоль, Анатолий Ярмоленко, Виа Сябры",Завалинка,,russian
2012,song of the year,Лайма Вайкуле,Старый Друг,,russian
2012,song of the year,Стас Пьеха,Старая История,,russian
2012,song of the year,Niloo,"Ola, Ola",,russian
2012,song of the year,Александр Буйнов,Две Жизни,,russian
2012,song of the year,"Потап, Настя Каменских",Прилелето,,russian
2012,song of the year,Lara Fabian,Karma,,russian
2012,song of the year,Кабриолет,Между Небом И Землей,,russian
2012,song of the year,Анжелика Варум,Нарисуй Любовь,,russian
2012,song of the year,"Дискотека Авария, Джиган, Вика Крутая",Карнавал,,russian
2012,song of the year,София Ротару,Мы Будем Вместе,,russian
2012,song of the year,"София Ротару, Николай Басков",Я Найду Свою Любовь,,russian
2012,song of the year,Все Участники,Песня Остается С Человеком,,russian
2012,song of the year,Валерий Меладзе,Потерян И Не Найден,,russian
2012,song of the year,Ирина Аллегрова,Наводнение,,russian
2012,song of the year,Стас Михайлов,Джокер,,russian
2012,song of the year,Вера Брежнева,Бессонница,,russian
2012,song of the year,"Леонид Агутин, Thomas Nevergreen",Ай-Яй-Яй,,russian
2012,song of the year,Валерия,Я Тебя Отпустила,,russian
2012,song of the year,Игорь Николаев,Мы Совпали,,russian
2012,song of the year,Елка,Около Тебя,,russian
2012,song of the year,Дима Билан,"Так, Так Не Бывает",,russian
2012,song of the year,Жасмин,От Любви До Любви,,russian
2012,song of the year,Лев Лещенко,Эхо Любви,,russian
2012,song of the year,Полина Гагарина,Спектакль Окончен,,russian
2012,song of the year,Григорий Лепс,Водопадом,,russian
2012,song of the year,Юлия Савичева,Юлия,,russian
2012,song of the year,Борис Моисеев,Лучший Из Мужчин,,russian
2012,song of the year,Аида,Нежность,,russian
2012,song of the year,Иван Дорн,Стыцадорн,,russian
2012,song of the year,Рада Рай,Территория Любви,,russian
2012,song of the year,Валерий Леонтьев,Попурри Из Своих Песен,,russian
2012,song of the year,София Ротару,Белая Зима,,russian
2012,song of the year,Олег Газманов,Домой,,russian
2012,song of the year,А-Студио,Просто Прощай,,russian
2012,song of the year,Лариса Долина,В Книжке Телефонной,,russian
2012,song of the year,"Сергей Лазарев, Лера Кудрявцева, Лев Лещенко, Валерий Меладзе, Лариса Долина, Ани Лорак",Новогодняя Песня,,russian
2011,song of the year,Эдита Пьеха,На Тебе Сошелся Клином Белый Свет,,russian
2011,song of the year,"Валерия, Николай Басков",Сохранив Любовь,,russian
2011,song of the year,"Филипп Киркоров, Настя Петрик",Снег,,russian
2011,song of the year,Лайма Вайкуле,Огоньки,,russian
2011,song of the year,«Дискотека Авария»,Диско 10-Х,,russian
2011,song of the year,Кристина Орбакайте,Признание,,russian
2011,song of the year,Сергей Трофимов,Как Мне Сейчас Хорошо,,russian
2011,song of the year,Серебро,Мама Люба,,russian
2011,song of the year,"Иосиф Кобзон, Группа «Республика»",Попурри Из Советских Песен,,russian
2011,song of the year,Анжелика Агурбаш,Река,,russian
2011,song of the year,"Лев Лещенко, Тц Эколь",Родительский Дом Песня-81,,russian
2011,song of the year,"Владимир Пресняков, Наталья Подольская",Дождь,,russian
2011,song of the year,Аида Гарифуллина,Улетай На Крыльях Ветра,,russian
2011,song of the year,Тимати,Welcome To The St.Tropez,,russian
2011,song of the year,"Леонид Агутин, Анжелика Варум",Как Не Думать О Тебе,,russian
2011,song of the year,Алсу,Иногда,,russian
2011,song of the year,Юрий Шатунов,Седая Ночь,,russian
2011,song of the year,Жасмин,Лабу-Дабу,,russian
2011,song of the year,«Quest Pistols»,Ты Так Красива,,russian
2011,song of the year,Лариса Долина,Стена,,russian
2011,song of the year,"Игорь Николаев, Юлия Проскурякова",Сегодня Наш День,,russian
2011,song of the year,«А-Студио»,Несвободное Падение,,russian
2011,song of the year,Сергей Лазарев,Биение Сердца,,russian
2011,song of the year,София Ротару,Глаза В Глаза,,russian
2011,song of the year,Олег Газманов,Попурри,,russian
2011,song of the year,Людмила Сенчина,Любовь И Разлука Песня-83,,russian
2011,song of the year,Стас Михайлов,Только Ты,,russian
2011,song of the year,Таисия Повалий,Верю Тебе,,russian
2011,song of the year,Дима Билан,Задыхаюсь,,russian
2011,song of the year,Ани Лорак,Для Тебя,,russian
2011,song of the year,Борис Моисеев,Глухонемая Любовь,,russian
2011,song of the year,"Стас Пьеха, Слава",Я И Ты,,russian
2011,song of the year,«Банд’Эрос»,Китано,,russian
2011,song of the year,Нюша,Больно,,russian
2011,song of the year,Доминик Джокер,Если Ты Со Мной,,russian
2011,song of the year,"Потап, Настя Каменских",Чумачечая Весна,,russian
2011,song of the year,«Вельвет»,Капитан Арктика,,russian
2011,song of the year,Виктория Дайнеко,Сотри Его Из Memory,,russian
2011,song of the year,"Юлия Савичева, Джиган",Отпусти,,russian
2011,song of the year,"Ирина Дубцова, Тц Эколь","Спи, Мое Солнышко",,russian
2011,song of the year,"Кристина Орбакайте, Группа «Дискотека Авария»",Прогноз Погоды,,russian
2011,song of the year,Александр Буйнов,От Любви Не Умирают,,russian
2011,song of the year,Лолита,Часы,,russian
2011,song of the year,«Верасы»,Завируха Песня-82,,russian
2011,song of the year,Ирина Аллегрова,Ты Не Такой,,russian
2011,song of the year,Александр Серов,Осенняя Свадьба,,russian
2011,song of the year,Елена Ваенга,Шопен ),,russian
2011,song of the year,Верка Сердючка,Смайлик,,russian
2011,song of the year,Валерий Леонтьев,Маргарита Песня-89,,russian
2011,song of the year,София Ротару,Время Любить,,russian
2011,song of the year,Все Участники,Песня Остается С Человеком,,russian
2010,song of the year,София Ротару,Я Не Оглянусь,,russian
2010,song of the year,"Валерий Меладзе, Григорий Лепс",Обернитесь,,russian
2010,song of the year,Вера Брежнева,Любовь Спасет Мир,,russian
2010,song of the year,Юрий Антонов,Я Вспоминаю,,russian
2010,song of the year,Слава,Одиночество,,russian
2010,song of the year,Сергей Трофимов,Не Рассказывай,,russian
2010,song of the year,«Виа Гра»,Пошел Вон,,russian
2010,song of the year,Николай Басков,Все Цветы,,russian
2010,song of the year,Иосиф Кобзон,Сыновья 1970-Х,,russian
2010,song of the year,Максим,На Радиоволнах,,russian
2010,song of the year,Игорь Саруханов,Дорогие Мои Старики,,russian
2010,song of the year,Инфинити,Когда Уйдешь,,russian
2010,song of the year,"Роза Рымбаева, Батыр Шукенов",Моя Звезда,,russian
2010,song of the year,Олег Газманов,Измерение Жизни,,russian
2010,song of the year,"Анжелика Варум, Наталья Подольская",День Опять Погас,,russian
2010,song of the year,Александр Серов,Версаль,,russian
2010,song of the year,Винтаж,Виктория,,russian
2010,song of the year,Вячеслав Добрынин,Синий Туман,,russian
2010,song of the year,Ева Польна,Не Расставаясь,,russian
2010,song of the year,«Дискотека Авария»,Лето Навсегда,,russian
2010,song of the year,Лара Фабиан,Demain N’ Exisle Pas,,russian
2010,song of the year,Лара Фабиан,"Любовь, Похожая На Сон",,russian
2010,song of the year,Алсу,Я Тебя Не Придумала,,russian
2010,song of the year,А-Студио,Fashion Girl,,russian
2010,song of the year,Дмитрий Колдун,В Комнате Пустой,,russian
2010,song of the year,Ани Лорак,С Первого Взгляда,,russian
2010,song of the year,"Стас Михайлов, Таисия Повалий",Отпусти,,russian
2010,song of the year,Лариса Долина,Мосты,,russian
2010,song of the year,Сябры,Праздники,,russian
2010,song of the year,Валерий Леонтьев,А Любовь Жива,,russian
2010,song of the year,Кристина Орбакайте,Нежная,,russian
2010,song of the year,Александр Буйнов,Два Часа На Любовь,,russian
2010,song of the year,Ирина Аллегрова,Кому Какая Разница,,russian
2010,song of the year,Филипп Киркоров,Цыганизация,,russian
2010,song of the year,Валерия,Капелькою,,russian
2010,song of the year,Валерий Меладзе,Небеса,,russian
2010,song of the year,Верка Сердючка,Дольче Габанна,,russian
2010,song of the year,Григорий Лепс,Уходи Красиво,,russian
2010,song of the year,"Филипп Киркоров, Анна Нетребко",Голос,,russian
2010,song of the year,Филипп Киркоров,Мы Так Нелепо Разошлись,,russian
2010,song of the year,Юлия Савичева,Москва – Владивосток,,russian
2010,song of the year,Стас Михайлов,Королева Вдохновения,,russian
2010,song of the year,Нюша,Выбирать Чудо,,russian
2010,song of the year,Владимир Пресняков,Колыбельная,,russian
2010,song of the year,"23:45, 5Ivesta Family",Я Буду,,russian
2010,song of the year,Леонид Агутин,Не Позволь Мне Погибнуть,,russian
2010,song of the year,Серебро,Не Время,,russian
2010,song of the year,«Уматурман»,В Городе Дождь,,russian
2010,song of the year,Лайма Вайкуле,Самое Главное,,russian
2010,song of the year,Борис Моисеев,Звездочка,,russian
2010,song of the year,Жасмин,Не Жалею,,russian
2010,song of the year,"Ядвига Поплавская, Александр Тиханович, Маша Новик, Андрей Кузнец",Я У Бабушки Живу,,russian
2010,song of the year,Вика Крутая,Убегу,,russian
2010,song of the year,Цветы,Звездочка Моя Ясная,,russian
2010,song of the year,Елена Ваенга,Абсент,,russian
2010,song of the year,Лев Лещенко,Сколько Промчалось Дней,,russian
2010,song of the year,"Лев Лещенко, Детский Хор Вгтрк",День Победы,,russian
2010,song of the year,Вельвет,Продавец Кукол,,russian
2010,song of the year,Митя Фомин,Все Будет Хорошо,,russian
2010,song of the year,"Игорь Николаев, Юлия Проскурякова",Одна Надежда На Любовь,,russian
2010,song of the year,Тимати,Сколько Стоит Любовь,,russian
2010,song of the year,Тамара Гвердцители,Воздушный Поцелуй,,russian
2010,song of the year,"Dj Smash, Горячие Перцы",Самолет,,russian
2010,song of the year,Пающие Трусы,Как Алла,,russian
2010,song of the year,Александр Серов,Осенняя Свадьба,,russian
2010,song of the year,Анжелика Агурбаш,Муха,,russian
2010,song of the year,Сергей Лазарев,Alarm,,russian
2010,song of the year,Инь Ян,Пофиг,,russian
2010,song of the year,Дима Билан,По Парам,,russian
2010,song of the year,София Ротару,Капелька Любви,,russian
2010,song of the year,Все Участники,Песня Остается С Человеком,,russian
2009,song of the year,Николай Басков,Цветы,,russian
2009,song of the year,Ирина Аллегрова,Княжна,,russian
2009,song of the year,Сергей Трофимов,Город В Пробках,,russian
2009,song of the year,«Виа Гра»,Сумасшедший,,russian
2009,song of the year,"Игорь Крутой, Александр Серов",Давай Друг Друга Украдём,,russian
2009,song of the year,Валерия,"Никто, Как Ты",,russian
2009,song of the year,Стас Михайлов,Между Небом И Землёй,,russian
2009,song of the year,Татьяна Буланова,Бесконечная История,,russian
2009,song of the year,"Гоша Куценко, Группа «Чи-Ли»",Сказки,,russian
2009,song of the year,«Город 312»,Обернись,,russian
2009,song of the year,Нюша,Вою На Луну,,russian
2009,song of the year,Dj Smash,Лучшие Песни,,russian
2009,song of the year,«Белорусские Песняры»,Моя Душа,,russian
2009,song of the year,Бьянка,За Тобой,,russian
2009,song of the year,Дмитрий Маликов,"Моя, Моя",,russian
2009,song of the year,Глюкоzа,Деньги,,russian
2009,song of the year,Лев Лещенко,Девушка Из Прошлого,,russian
2009,song of the year,"Лев Лещенко, Вячеслав Добрынин",Прощай,,russian
2009,song of the year,«Непара»,Милая,,russian
2009,song of the year,Юлия Савичева,"Гуд Бай, Любовь",,russian
2009,song of the year,Иосиф Кобзон,Женщины России,,russian
2009,song of the year,«Вельвеt»,Прости,,russian
2009,song of the year,"Игорь Николаев, Юлия Проскурякова",Смс,,russian
2009,song of the year,Анжелика Агурбаш,Роза На Снегу,,russian
2009,song of the year,«Бис»,Кораблики,,russian
2009,song of the year,Макsим,Лучшая Ночь,,russian
2009,song of the year,«Уматурман»,Кажется,,russian
2009,song of the year,Гости,Группа Стаса Намина «Цветы» - Мы Желаем Счастья Вам,,russian
2009,song of the year,"Николай Басков, Оксана Федорова",Права Любовь,,russian
2009,song of the year,Жанна Фриске,А На Море Белый Песок,,russian
2009,song of the year,"Сергей Лазарев, Детский Хор Тв, Радио России","Я Люблю Тебя, Россия",,russian
2009,song of the year,«Дискотека Авария»,Планета Любовь,,russian
2009,song of the year,Филипп Киркоров,Просто Подари,,russian
2009,song of the year,Филипп Киркоров,Королева,,russian
2009,song of the year,Лолита,Расскажи Как,,russian
2009,song of the year,Валерий Леонтьев,Музыка Кубы,,russian
2009,song of the year,Кристина Орбакайте,Хватит Шоу,,russian
2009,song of the year,"Борис Моисеев, Лайма Вайкуле",Радуга,,russian
2009,song of the year,«А–Студио»,Так Же Как Все,,russian
2009,song of the year,Валерий Меладзе,Вопреки,,russian
2009,song of the year,Алсу,Первый Час Января,,russian
2009,song of the year,«Серебро»,Сладко,,russian
2009,song of the year,"Сосо Павлиашвили, Алексей Чумаков, Виа Сливки, Иракли",Арго,,russian
2009,song of the year,Женя Отрадная,Одинокое Сердце,,russian
2009,song of the year,Александр Буйнов,Юга-Севера,,russian
2009,song of the year,Таисия Повалий,Пусть Вам Повезет В Любви,,russian
2009,song of the year,«Бандэрос»,Адьос,,russian
2009,song of the year,Леонид Агутин,Ты Не Знаешь,,russian
2009,song of the year,Анжелика Варум,Если Он Уйдет,,russian
2009,song of the year,Гости,Ядвига Поплавская И Александр Тиханович - Малиновка,,russian
2009,song of the year,«Винтаж»,Ева,,russian
2009,song of the year,«Пара Нормальных»,Happy End,,russian
2009,song of the year,Сергей Лазарев,Найди Меня,,russian
2009,song of the year,Ирина Дубцова,Как Бы Не Так,,russian
2009,song of the year,Юрий Шатунов,Детство,,russian
2009,song of the year,«Гости Из Будущего»,За Звездой,,russian
2009,song of the year,"В. К., Тимати",Forever,,russian
2009,song of the year,Ани Лорак,Солнце,,russian
2009,song of the year,"Владимир Пресняков, Наталья Подольская",Ты Со Мной,,russian
2009,song of the year,Дима Билан,Lady,,russian
2009,song of the year,Григорий Лепс,Я Тебя Не Люблю,,russian
2009,song of the year,София Ротару,Я Решила Сама,,russian
2009,song of the year,София Ротару,"Было, Но Прошло",,russian
2009,song of the year,Все Участники,Песня Остается С Человеком,,russian
2008,song of the year,Dj Smash,Moscow Never Sleeps,,russian
2008,song of the year,Все Участники,Песня Остается С Человеком,,russian
2008,song of the year,Алла Пугачева,Зачем?,,russian
2008,song of the year,"Леонид Агутин, Анжелика Варум, Владимир Пресняков & Наталья Подольская",Быть Частью Твоего,,russian
2008,song of the year,Таисия Повалий,Птица–Душа,,russian
2008,song of the year,Валерий Меладзе,Параллельные,,russian
2008,song of the year,Винтаж & Елена Корикова,Плохая Девочка,,russian
2008,song of the year,Стас Пьеха,На Ладони Линия,,russian
2008,song of the year,"Григорий Лепс, Стас Пьеха",Она Не Твоя,,russian
2008,song of the year,Григорий Лепс,Озеро Надежды,,russian
2008,song of the year,Анни Лорак,Shady Lady,,russian
2008,song of the year,Потап & Настя Каменских,Крепкие Орешки,,russian
2008,song of the year,Ирина Аллегрова,Два Лица,,russian
2008,song of the year,Тимати,Не Сходи С Ума,,russian
2008,song of the year,Жасмин,Пей Любовь До Дна,,russian
2008,song of the year,« Виа Гра »,My Emancipation,,russian
2008,song of the year,"Иосиф Кобзон, Группа «Республика»",Ещё Цветёт Черешня,,russian
2008,song of the year,Игорь Крутой,"Когда Я Закрываю Глаза , Инструментальная Композиция, Посв. Муслиму Магомаеву, Римме Казаковой И Михаилу Таничу",,russian
2008,song of the year,Валерия,Человек Дождя,,russian
2008,song of the year,Леонид Агутин,Не Уходи,,russian
2008,song of the year,Анжелика Варум,Где Ты?,,russian
2008,song of the year,Сергей Лазарев,Girl Friend,,russian
2008,song of the year,«Заклепки»,Кино,,russian
2008,song of the year,Ирис,Легкой Джазовой Походкой Лауреат Фестиваля «Новая Волна»,,russian
2008,song of the year,Алессандро Ристори,Rock Around The Clock,,russian
2008,song of the year,Вера Брежнева,Я Не Играю,,russian
2008,song of the year,"«А-Студио», «Отпетые Мошенники»",Сердцем К Сердцу,,russian
2008,song of the year,Мак S Им,Мой Рай,,russian
2008,song of the year,"Игорь Николаев, Юлия Проскурякова",Что-То В Этом Есть,,russian
2008,song of the year,"Александр Маршал, Вячеслав Быков",Лететь По Белому Небу,,russian
2008,song of the year,Алена Свиридова,Пока,,russian
2008,song of the year,"«Сливки Общества»: Л.Вайкуле, Л.Агутин, В.Меладзе, Н.Басков, И.Николаев, Валерия, И.Крутой, Ревзин, Дети-Лауреаты Детской «Новой Волны»",Песенка,,russian
2008,song of the year,Алла Пугачева,Первое Слово Дороже Второго,,russian
2008,song of the year,Валерий Леонтьев,Помоги,,russian
2008,song of the year,Виктория Дайнеко,"Стоп, Куда Же Я Иду?",,russian
2008,song of the year,Николай Басков,Внезапная Любовь,,russian
2008,song of the year,Майя,За Миг До Зимы,,russian
2008,song of the year,Кристина Орбакайте,Солнце,,russian
2008,song of the year,София Ротару,Я Назову Планету Именем Твоим,,russian
2008,song of the year,София Ротару,Не Уходи,,russian
2008,song of the year,«Банд’Эрос»,Манхеттен,,russian
2008,song of the year,Алсу,Я Любила,,russian
2008,song of the year,Лев Лещенко,Танго,,russian
2008,song of the year,«Бис»,Катя,,russian
2008,song of the year,«Город 312»,Невидимка,,russian
2008,song of the year,Глюкоза,Бабочки,,russian
2008,song of the year,"Ирина Дубцова, Полина Гагарина","Кому, Зачем?",,russian
2008,song of the year,Полина Гагарина,Любовь Под Солнцем,,russian
2008,song of the year,Женя Отрадная,Уходи И Дверь Закрой,,russian
2008,song of the year,«Моральный Кодекс»,Где Ты,,russian
2008,song of the year,Алла Пугачева,"Прости, Мальчишка",,russian
2008,song of the year,"Лайма Вайкуле, Борис Моисеев",Прибалтийский Роман,,russian
2008,song of the year,Филипп Киркоров,Галки,,russian
2008,song of the year,Ангел А,Простая Девчонка,,russian
2008,song of the year,"«Дискотека Авария», «Домисолька»",Отцы,,russian
2008,song of the year,Лариса Долина,Любовь И Одиночество,,russian
2008,song of the year,Алла Пугачева & Максим Галкин,Громоотводы,,russian
2008,song of the year,Максим Галкин,Моя Законная Жена,,russian
2008,song of the year,Лолита,Ориентация Север,,russian
2008,song of the year,Александр Розенбаум,Вальс-Бостон,,russian
2008,song of the year,«Серебро»,Опиум,,russian
2008,song of the year,Дима Билан,Believe,,russian
2008,song of the year,Алла Пугачева,Good Bye,,russian
2007,song of the year,Все Участники,Песня Остается С Человеком,,russian
2007,song of the year,« Serebro »,Number 1,,russian
2007,song of the year,Стас Пьеха,Я Подарю Тебе,,russian
2007,song of the year,"Ангел А, Dj Слон",А Ты Меня Любишь?,,russian
2007,song of the year,Алла Пугачева,Одуванчик,,russian
2007,song of the year,Гость,Сосо Павлиашвили – Помолимся За Родителей,,russian
2007,song of the year,«Фабрика»,Зажигают Огоньки,,russian
2007,song of the year,Дмитрий Колдун,Дай Мне Силу,,russian
2007,song of the year,"Владимир Пресняков, Подольская",Навсегда,,russian
2007,song of the year,«Город 312»,Девочка Которая Хотела Счастье,,russian
2007,song of the year,"Виктория Дайнеко, Triplex",Фильм Не О Любви,,russian
2007,song of the year,"Ирина Аллегрова, Григорий Лепс",Я Тебе Не Верю,,russian
2007,song of the year,Александр Серов,Джеймс Бонд,,russian
2007,song of the year,Андрей Дементьев,Вручение Приза «Легенда»,,russian
2007,song of the year,"Потап, Настя Каменских",Не Пара,,russian
2007,song of the year,Игорь Саруханов,Бухта Радости,,russian
2007,song of the year,Полина Гагарина,Я Тебя Не Прощу Никогда,,russian
2007,song of the year,Гость,Валерий Леонтьев – Криминаль Танго,,russian
2007,song of the year,«Виагра»,Поцелуи,,russian
2007,song of the year,Сергей Трофимов,Московская Песня,,russian
2007,song of the year,«Челси»,Я К Тебе Не Подойду,,russian
2007,song of the year,«Веселые Ребята»,Попурри,,russian
2007,song of the year,Филипп Киркоров,Тысячи Свечей,,russian
2007,song of the year,«Банд`Эрос»,Я Не Люблю Тебя,,russian
2007,song of the year,Гость,Игорь Николаев – Особенный День,,russian
2007,song of the year,«Чи-Ли» - Сердце,"Алла Пугачева –Ты Там, А Я Там",,russian
2007,song of the year,Бьянка,Лето,,russian
2007,song of the year,«Tokio»,Когда Ты Плачешь,,russian
2007,song of the year,Гость,Лайма Вайкуле – Дтп,,russian
2007,song of the year,Александр Зацепин,Вручение Приза «Легенда»,,russian
2007,song of the year,Алла Пугачева,Волшебник-Недоучка,,russian
2007,song of the year,«Сябры»,Вы Шумите Березы,,russian
2007,song of the year,Юлия Савичева,Никак,,russian
2007,song of the year,Тимати,В Клубе,,russian
2007,song of the year,Гость,Алсу – А У Моей Любви,,russian
2007,song of the year,Дима Билан,Number 1 Fan,,russian
2007,song of the year,Елена Терлеева,Солнце,,russian
2007,song of the year,Вячеслав Малежик,Провинциалка,,russian
2007,song of the year,«A`Studio»,Ангел,,russian
2007,song of the year,Валерия,Мы Вместе,,russian
2007,song of the year,Марина (Польша,«Новая Волна 2007») - Принц Чарлинг,,russian
2007,song of the year,Алла Пугачева,Где-То Далеко,,russian
2007,song of the year,Сергей Лазарев,Shattered Dreams,,russian
2007,song of the year,"Леонид Агутин, Анжелика Варум",Две Дороги,,russian
2007,song of the year,Александр Розенбаум,Дней,,russian
2007,song of the year,Николай Басков,Тебе Одной,,russian
2007,song of the year,Игорь Крутой,Затерянный Берег,,russian
2007,song of the year,«Дискотека Авария»,Серенада,,russian
2007,song of the year,Максим Галкин,Два Пролета,,russian
2007,song of the year,Кристина Орбакайте,Спичка,,russian
2007,song of the year,Гость,Марк Тишман – Я Буду Твоим Ангелом,,russian
2007,song of the year,Валерий Меладзе,Параллельные,,russian
2007,song of the year,София Ротару,Я Назову Планету Именем Твоим,,russian
2007,song of the year,София Ротару,Сердце Ты Мое,,russian
2007,song of the year,"Алла Пугачева, Кристина Орбакайте",Опять Метель,,russian
2007,song of the year,Алла Пугачева,Дин-Дин-Дон,,russian
2006,song of the year,Алла Пугачева,Здесь Мы,,russian
2006,song of the year,«Тату»,"All About Us - Эта Песня Была Представлена В Виде Фрагмента Клипа На Песне-2005, Но Полностью, Живьем Не Звучала",,russian
2006,song of the year,Владимир Кузьмин,Ты Для Меня Всё .,,russian
2006,song of the year,Анита Цой,На Восток,,russian
2006,song of the year,Банд`Эрос,Коламбия Пикчерз Не Представляет,,russian
2006,song of the year,Лайма Вайкуле,Подарок,,russian
2006,song of the year,«Игра Слов»,Алина Кабаева,,russian
2006,song of the year,«Непара»,Плачь И Смотри,,russian
2006,song of the year,«Непоседы»,В Траве Сидел Кузнечик.,,russian
2006,song of the year,Кристина Орбакайте,My Life,,russian
2006,song of the year,Валерий Меладзе,Без Суеты,,russian
2006,song of the year,«А-Студио»,Еще Люблю,,russian
2006,song of the year,Лев Лещенко,Цвет Разлуки Сентября,,russian
2006,song of the year,Сосо Павлиашвили - Вспоминайте Грузина,Алена Высотская- Вижу Тебя,,russian
2006,song of the year,«Отпетые Мошенники»,Это Лето,,russian
2006,song of the year,Жанна Фриске - Мама Мария,Группа «Чи-Ли»- Лето,,russian
2006,song of the year,Сергей Лазарев,Даже Если Ты Уйдешь,,russian
2006,song of the year,Эдита Пьеха,Город Детства,,russian
2006,song of the year,Алсу,Самое Главное- Ты,,russian
2006,song of the year,«Виа Гра»,Л.М.Л.,,russian
2006,song of the year,Тина Кароль,Выше Облаков,,russian
2006,song of the year,Алла Пугачева,Ресницы,,russian
2006,song of the year,Сергей Зверев,Цыганочка,,russian
2006,song of the year,Алла Пугачева,Без Меня,,russian
2006,song of the year,"Владимир Пресняков, Леонид Агутин",Аэропорты,,russian
2006,song of the year,"Тимати, Алекса",Когда Ты Рядом,,russian
2006,song of the year,Ёлка,Девочка-Студентка,,russian
2006,song of the year,Мак S Им,Нежность,,russian
2006,song of the year,Майк Мироненко,Сеньорита,,russian
2006,song of the year,Глюкоза,Свадьба,,russian
2006,song of the year,Полина Гагарина,Я Твоя,,russian
2006,song of the year,La Rose,Дорогой Длинною,,russian
2006,song of the year,"Сестры Настя, Маша Толмачевы",Весенний Джаз,,russian
2006,song of the year,Филипп Киркоров,Полетели,,russian
2006,song of the year,"Алла Пугачева, Филипп Киркоров",Холодно,,russian
2006,song of the year,Верка Сердючка,Хорошо Красавицам,,russian
2006,song of the year,Верка Сердючка,Трали-Вали - Эта Песня Уже Звучала В Песне Года-2005,,russian
2006,song of the year,София Ротару,Не Люби,,russian
2006,song of the year,София Ротару,Один На Свете,,russian
2006,song of the year,"София Ротару, Группа «Танок На Майдани Конго»",Червона Рута,,russian
2006,song of the year,"Николай Басков, Таисия Повалий","Я Знаю, Ты Далеко",,russian
2006,song of the year,Игорь Николаев,Бездонные Глаза,,russian
2006,song of the year,Валерий Леонтьев,Воздушные Замки,,russian
2006,song of the year,"Александр Розенбаум, Игорь Крутой",Зеленый Цвет Любимых Глаз,,russian
2006,song of the year,Дима Билан,Never Let You Go,,russian
2006,song of the year,Дима Билан,Невозможное Возможно,,russian
2006,song of the year,«Дискотека Авария»,Опа,,russian
2006,song of the year,Алла Пугачева,Приглашение На Закат,,russian
2006,song of the year,Все Участники,Песня Остается С Человеком,,russian
2005,song of the year,Валерий Меладзе,Иностранец,,russian
2005,song of the year,Николай Басков,Сердце,,russian
2005,song of the year,"Таисия Повалий, Николай Басков",Отпусти Меня,,russian
2005,song of the year,Елка,Девочка В Пежо,,russian
2005,song of the year,Алсу,Небо,,russian
2005,song of the year,«Звери»,Напитки Покрепче,,russian
2005,song of the year,«Звери»,Районы-Кварталы,,russian
2005,song of the year,Лайма Вайкуле,Ча-Ча-Ча,,russian
2005,song of the year,« Cosmos »,Billi Jean,,russian
2005,song of the year,Алла Пугачева,Спасибо Любовь,,russian
2005,song of the year,«Фактор-2»,Красавица,,russian
2005,song of the year,София Ротару,Я Его Любила,,russian
2005,song of the year,София Ротару,Осенние Цветы,,russian
2005,song of the year,«Братья Грим»,Ресницы,,russian
2005,song of the year,"Л. Николаева, Русская Душа",Гуси Лебеди,,russian
2005,song of the year,Дмитрий Маликов,С Чистого Листа,,russian
2005,song of the year,Анжелика Варум,Музыка,,russian
2005,song of the year,Владимир Пресняков,Перелетная Птица,,russian
2005,song of the year,"Владимир Пресняков, Группа «Банда»",Подружка Маша,,russian
2005,song of the year,Алла Пугачева,Сердце Ледяное,,russian
2005,song of the year,«Виа Гра»,Лучшие Друзья Девушек - Это Бриллианты,,russian
2005,song of the year,Олег Газманов,Сделан В Ссср,,russian
2005,song of the year,«Сябры»,Алеся,,russian
2005,song of the year,«Блестящие»,Пальмы Парами,,russian
2005,song of the year,«Би-2»,Фламенко,,russian
2005,song of the year,Жасмин,Индийское Диско,,russian
2005,song of the year,"Алла Пугачева, Группа «Штар»",Гадалка,,russian
2005,song of the year,«Гости Из Будущего»,Лучшее В Тебе,,russian
2005,song of the year,Сергей Лазарев,Eye Of The Storm,,russian
2005,song of the year,« Uma 2 Rman »,Уматурман,,russian
2005,song of the year,Алла Пугачева,Любовь Как Состояние,,russian
2005,song of the year,Тамара Гвердцители,Ленинград,,russian
2005,song of the year,Александр Розенбаум,Это Снова Оттепель,,russian
2005,song of the year,Жанна Фриске,Где-То Летом,,russian
2005,song of the year,Филипп Киркоров,Обычная История,,russian
2005,song of the year,Филипп Киркоров,Я Эту Жизнь Тебе Отдам,,russian
2005,song of the year,Сливки,Выше Облаков,,russian
2005,song of the year,Владимир Кузьмин,Огонек,,russian
2005,song of the year,Игорь Николаев,Как Ты Прекрасна,,russian
2005,song of the year,"Вахтанг Кикабидзе, Тамара Гвердцители, Нани Брегвадзе",Песня О Тбилиси,,russian
2005,song of the year,Стефани Кокер,Миллион Алых Роз,,russian
2005,song of the year,Кристина Орбакайте,Каждый День С Тобой,,russian
2005,song of the year,Кристина Орбакайте,Всё Сначала,,russian
2005,song of the year,Сергей Трофимов,Ностальгия - Это Блюз Об Одиночестве,,russian
2005,song of the year,« A,Studio » - Улетаю,,russian
2005,song of the year,Валерий Меладзе,"Салют, Вера",,russian
2005,song of the year,Верка Сердючка,Тук-Тук-Тук,,russian
2005,song of the year,Верка Сердючка,Трали-Вали,,russian
2005,song of the year,Валерий Леонтьев,Исчезли Солнечные Дни,,russian
2005,song of the year,Алла Пугачева,Звезда,,russian
2005,song of the year,«Дискотека Авария»,Если Хочешь Остаться,,russian
2004,song of the year,«Непоседы»,Сто Друзей,,russian
2004,song of the year,«Блестящие»,Новогодняя Песня,,russian
2004,song of the year,Верка Сердючка,Тук-Тук-Тук,,russian
2004,song of the year,Звери,"Все, Что Меня Касается",,russian
2004,song of the year,Ирина Дубцова,О Нем,,russian
2004,song of the year,"Вячеслав Добрынин, Анс. «Летучий Голландец»",Рыжий Конь,,russian
2004,song of the year,"Людмила Гурченко, Борис Моисеев",Петербург - Ленинград,,russian
2004,song of the year,Максим Дунаевский,Попурри Из Песен,,russian
2004,song of the year,«Reflex»,Может Быть Показалось,,russian
2004,song of the year,Александр Розенбаум,"Значит, Мы Живы",,russian
2004,song of the year,"Анжелика Варум, Виа Сливки",Самая Лучшая,,russian
2004,song of the year,Александр Барыкин,За Той Рекой,,russian
2004,song of the year,«Би-2»,Скользкие Улицы,,russian
2004,song of the year,Кристина Орбакайте,Это Просто Сон,,russian
2004,song of the year,Лев Лещенко,Вечное Движение,,russian
2004,song of the year,Гра,"Мир, О Котором Я Не Знала До Тебя",,russian
2004,song of the year,Николай Басков,"Ах, Эта Ночь",,russian
2004,song of the year,Татьяна Буланова,Осени В Глаза,,russian
2004,song of the year,Антон Зацепин,Книжки О Любви,,russian
2004,song of the year,Тамара Гвердцители,Ностальгия,,russian
2004,song of the year,«Дискотека Авария»,Новогодняя,,russian
2004,song of the year,Валерий Сюткин,Красавчик,,russian
2004,song of the year,Жасмин,Разгадай Любовь,,russian
2004,song of the year,Александр Серов,Давай Друг Друга Украдем,,russian
2004,song of the year,София Ротару,Белая Зима,,russian
2004,song of the year,Иосиф Кобзон,Вы Разрешите С Вами Познакомиться,,russian
2004,song of the year,Алекса,Я Живу Тобой,,russian
2004,song of the year,«Hi,Fi» - Седьмой Лепесток,,russian
2004,song of the year,"Татьяна Овсиенко, Виктор Салтыков",Берега Любви,,russian
2004,song of the year,Игорь Николаев,Приходила Боль,,russian
2004,song of the year,Лайма Вайкуле,Только Раз,,russian
2004,song of the year,Александр Буйнов,Пусть,,russian
2004,song of the year,Лариса Долина,Оттепель,,russian
2004,song of the year,Валерий Леонтьев,Ягодка Моя,,russian
2004,song of the year,Премьер-Министр,Два Билета В Лето,,russian
2004,song of the year,Верка Сердючка,Чита-Дрита,,russian
2004,song of the year,Александр Маршал,Снилось Мне,,russian
2004,song of the year,Кристина Орбакайте,Губки Бантиком,,russian
2004,song of the year,«Самоцветы»,Команда Молодости Нашей,,russian
2004,song of the year,Алена Свиридова,Я Слишком Много Знаю,,russian
2004,song of the year,Александр Розенбаум,Гаврош,,russian
2004,song of the year,Ангина,Болела,,russian
2004,song of the year,Леонид Агутин,Дождь Надоел,,russian
2004,song of the year,Гра,Биология,,russian
2004,song of the year,Николай Трубач,Ты Такая Красивая,,russian
2004,song of the year,София Ротару,Небо – Это Я,,russian
2004,song of the year,«Дискотека Авария»,Суровый Рэп,,russian
2004,song of the year,«Любовные Истории»,Летящий Снег,,russian
2004,song of the year,Валентина Толкунова,Песенка Без Конца,,russian
2004,song of the year,Юрий Титов,Понарошку,,russian
2004,song of the year,Наташа Королева,Синие Лебеди,,russian
2004,song of the year,«Танцы Минус»,Романтика,,russian
2004,song of the year,"Надежда Бабкина, Евгений Гор",Полчаса На Счастье И Любовь,,russian
2004,song of the year,«Отпетые Мошенники»,Money,,russian
2004,song of the year,Алена Апина,Параллельно Любви,,russian
2004,song of the year,Игорь Саруханов,Виновато Море,,russian
2004,song of the year,«Монокини»,Тикает,,russian
2004,song of the year,Владимир Кузьмин,Дней В Году,,russian
2004,song of the year,Катя Лель,Муси-Пуси,,russian
2004,song of the year,Андрей Губин,Время Романтиков,,russian
2004,song of the year,Алсу,"Там, Где Рождается Свет",,russian
2004,song of the year,«Лицей»,Двери Открой,,russian
2004,song of the year,Александр Малинин,Как Мы Любили,,russian
2004,song of the year,Варвара,Летала Да Пела,,russian
2004,song of the year,Валерий Меладзе,Осколки Лета,,russian
2004,song of the year,Лолита,Приговоренная К Любви,,russian
2004,song of the year,Дмитрий Маликов,Не Скучай,,russian
2004,song of the year,"София Ротару, Николай Басков",Цветет Малина,,russian
2004,song of the year,«Звери»,Южная Ночь,,russian
2004,song of the year,"Валерий Меладзе, Виа Гра",Притяженья Больше Нет,,russian
2004,song of the year,Ирина Дубцова,Как Ты Там,,russian
2004,song of the year,Дима Билан,На Берегу Неба,,russian
2004,song of the year,Татьяна Буланова,Белая Черемуха,,russian
2004,song of the year,«Би-2»,Теряю Голову,,russian
2004,song of the year,Жасмин,Капля Лета,,russian
2004,song of the year,Вячеслав Добрынин,"Холода, Холода",,russian
2004,song of the year,Лайма Вайкуле,Легкой Джазовой Походкой,,russian
2004,song of the year,Владимир Пресняков,Месяц Май,,russian
2004,song of the year,Марина Хлебникова,Северная,,russian
2004,song of the year,«Банда»,Плачут Небеса,,russian
2004,song of the year,«Reflex»,Люблю,,russian
2004,song of the year,Николай Басков,Я Буду Руки Твои Целовать,,russian
2004,song of the year,Ангина,Кому Какое Дело,,russian
2004,song of the year,Лев Лещенко,Будь Счастлива,,russian
2004,song of the year,Пропаганда,Кванта Коста,,russian
2004,song of the year,Владимир Асимов,"Чужая, Незнакомая",,russian
2004,song of the year,Линда,Беги,,russian
2004,song of the year,Алексей Глызин,Зимний Сад,,russian
2004,song of the year,Ирина Салтыкова,Бегу За Тобой,,russian
2004,song of the year,Иосиф Кобзон,На Окраине Души,,russian
2004,song of the year,Алекса,Где Же Ты?,,russian
2004,song of the year,«Hi,Fi» - Билет,,russian
2004,song of the year,Надежда Бабкина,Речка,,russian
2004,song of the year,"Наталья Сенчукова, Виктор Рыбин",Милый Мой Ботаник,,russian
2004,song of the year,Антон Зацепин,Ниже Ростом Только Губин,,russian
2004,song of the year,Катя Лель,Две Капельки,,russian
2004,song of the year,Александр Буйнов,Все Дела,,russian
2004,song of the year,София Ротару,Ты Улетишь,,russian
2004,song of the year,Игорь Николаев,На Обложке Журнала,,russian
2004,song of the year,Лариса Долина,Ты Ничего Не Понял,,russian
2004,song of the year,Валерий Леонтьев,Я Улетаю,,russian
2003,song of the year,"Леонид Агутин, Отпетые Мошенники",Граница,,russian
2003,song of the year,"Наташа Королева, Тарзан",Не Забуду,,russian
2003,song of the year,Самоцветы,Добрая Примета,,russian
2003,song of the year,"Надежда Кадышева, Золотое Кольцо",Ничего У Нас С Тобой Не Получится,,russian
2003,song of the year,Игорь Корнелюк,"Город, Которого Нет",,russian
2003,song of the year,Татьяна Овсиенко,Цепочка,,russian
2003,song of the year,Любэ,Березы,,russian
2003,song of the year,Блестящие,А Я Все Летала,,russian
2003,song of the year,Иосиф Кобзон,В Тихом Переулочке,,russian
2003,song of the year,Сливки,Буду Я Любить,,russian
2003,song of the year,Вячеслав Добрынин,Где Же Ты Была,,russian
2003,song of the year,Алсу,Вчера,,russian
2003,song of the year,Игорь Николаев,Здравствуй,,russian
2003,song of the year,"Павел Артемьев, Ирина Тонева",Понимаешь,,russian
2003,song of the year,Катя Лель,Мой Мармеладный,,russian
2003,song of the year,Вадим Азарх,В Последний Раз,,russian
2003,song of the year,Татьяна Буланова,Ангел,,russian
2003,song of the year,Динамит,Которая Была С Тобой,,russian
2003,song of the year,Анастасия Стоцкая,Вены-Реки,,russian
2003,song of the year,Игорь Саруханов,Карнавал,,russian
2003,song of the year,Валентина Толкунова,"Поговори Со Мною, Мама",,russian
2003,song of the year,Дискотека Авария,Небо,,russian
2003,song of the year,Лариса Долина,Стена,,russian
2003,song of the year,Александр Буйнов,Горький Мед,,russian
2003,song of the year,"Валерий Меладзе, Виа Гра",Океан И Три Реки,,russian
2003,song of the year,Александр Серов,Осенняя Роса,,russian
2003,song of the year,Reflex,Потому Что Не Было Тебя,,russian
2003,song of the year,Александр Малинин,Если Бы Не Ты,,russian
2003,song of the year,Лайма Вайкуле,О Чем Играет Пианист,,russian
2003,song of the year,Олег Газманов,Туман,,russian
2003,song of the year,"Филипп Киркоров, Маша Распутина",Роза Чайная,,russian
2003,song of the year,Би-2,"Прощай, Берлин",,russian
2003,song of the year,Валерия,Часики,,russian
2003,song of the year,Дмитрий Маликов,Шепотом,,russian
2003,song of the year,"Кристина Орбакайте, Авраам Руссо",Просто Любить Тебя,,russian
2003,song of the year,София Ротару,Белый Танец,,russian
2003,song of the year,"Надежда Бабкина, Ансамбль «Русская Песня»",Расцветали Яблони В Саду,,russian
2003,song of the year,«Иванушки»,Билетик В Кино,,russian
2003,song of the year,Кристина Орбакайте,Свет Твоей Любви,,russian
2003,song of the year,Николай Гнатюк,Танец На Барабане,,russian
2003,song of the year,«Лицей»,Падает Дождь,,russian
2003,song of the year,Иосиф Кобзон,Посвящение Другу,,russian
2003,song of the year,Давид Тухманов,Попурри,,russian
2003,song of the year,Мария Ржевская,Когда Я Стану Кошкой,,russian
2003,song of the year,Александр Барыкин,Спасательный Круг,,russian
2003,song of the year,"Лолита, Игорь Николаев",Одинокий,,russian
2003,song of the year,Алексей Глызин,Ты Не Ангел,,russian
2003,song of the year,Юлия Савичева,Высоко,,russian
2003,song of the year,Лев Лещенко,От Петербурга До Москвы,,russian
2003,song of the year,"«Сливки», Группа «Отпетые Мошенники»",Моя Звезда,,russian
2003,song of the year,Наталья Ветлицкая,Пламя Страсти,,russian
2003,song of the year,«Лесоповал»,Я Куплю Тебе Дом,,russian
2003,song of the year,Фабрика,Про Любовь,,russian
2003,song of the year,"Ариана, Александр Маршал",Я Тебя Никогда Не Забуду,,russian
2003,song of the year,«Премьер Министр»,Простая Арифметика,,russian
2003,song of the year,Нани Брегвадзе,Снегопад,,russian
2003,song of the year,"Леонид Агутин, Анжелика Варум",Я Буду Всегда С Тобой,,russian
2003,song of the year,Николай Басков,Любовь Не Знает Слова Нет,,russian
2003,song of the year,Жасмин,Дольче Вита,,russian
2003,song of the year,Филипп Киркоров,Немного Жаль,,russian
2003,song of the year,Филипп Киркоров,Радио-Бэби,,russian
2003,song of the year,«Блестящие»,Московские Окна,,russian
2003,song of the year,Игорь Николаев,Маленькая Дочка,,russian
2003,song of the year,Глюкоza,Невеста,,russian
2003,song of the year,Авраам Руссо,Как Быть?,,russian
2003,song of the year,Маша Распутина,Синяя Птица,,russian
2003,song of the year,Лев Лещенко,Чары Колдовские,,russian
2003,song of the year,"Алена Апина, Татьяна Иванова",Пойдем Со Мной,,russian
2003,song of the year,Борис Моисеев,Мне Другом Ты Не Был,,russian
2003,song of the year,«Монокини»,Ветер,,russian
2003,song of the year,Юрий Лоза,Сто Часов,,russian
2003,song of the year,«Руки Вверх»,Милая Моя,,russian
2003,song of the year,Алсу,Первый Раз,,russian
2003,song of the year,Вячеслав Добрынин,"Спасибо За То, Что Была",,russian
2003,song of the year,Ольга Орлова,Ладони,,russian
2003,song of the year,Дмитрий Маликов,Черный Дрозд И Белый Аист,,russian
2003,song of the year,"Виктор Рыбин, Наталья Сенчукова",Ресторанчик Поплавок,,russian
2003,song of the year,Дима Билан,Я Так Люблю Тебя,,russian
2003,song of the year,Катя Лель,Долетай,,russian
2003,song of the year,Сосо Павлиашвили,Он,,russian
2003,song of the year,Диана Гурцкая,Быть С Тобой,,russian
2003,song of the year,Лариса Долина,Розовый Рай,,russian
2003,song of the year,«Дискотека Авария»,Песенка Разбойников,,russian
2003,song of the year,Варвара,Грезы Любви,,russian
2003,song of the year,Валерий Меладзе,Я Не Могу Без Тебя,,russian
2003,song of the year,Жасмин,Да,,russian
2003,song of the year,«Би-2»,Песок,,russian
2003,song of the year,Татьяна Буланова,Нежность,,russian
2003,song of the year,Гра,Не Оставляй Меня Любимый,,russian
2003,song of the year,Олег Газманов,Мои Ясные Дни,,russian
2003,song of the year,Валерия,Была Любовь,,russian
2003,song of the year,"Александр Буйнов, Лайма Вайкуле",Помнишь Ли Ты?,,russian
2003,song of the year,София Ротару,Одна Калина,,russian
2003,song of the year,Валерий Леонтьев,Ночной Звонок,,russian
2003,song of the year,Валерий Леонтьев,Танцуй,,russian
2003,song of the year,Все Участники,Песня Остается С Человеком,,russian
2002,song of the year,Ариана,Первая Любовь,,russian
2002,song of the year,Иванушки Интернейшенл,Золотые Облака,,russian
2002,song of the year,Андрей Губин,Танцы,,russian
2002,song of the year,Надежда Кадышева,Подари Березка,,russian
2002,song of the year,Иосиф Кобзон,Кадетский Вальс,,russian
2002,song of the year,Hi-Fi,Средняя Школа № 7,,russian
2002,song of the year,Алена Апина,Она Любила Вишни,,russian
2002,song of the year,Би-2,Последний Герой,,russian
2002,song of the year,Премьер-Министр,Девочка С Севера,,russian
2002,song of the year,"Сергей Мазаев, Алена Свиридова",Самба Забытой Любви,,russian
2002,song of the year,Любэ,Давай За…,,russian
2002,song of the year,Сливки,Всего И Делов,,russian
2002,song of the year,Юрий Шатунов,Детство,,russian
2002,song of the year,Лев Лещенко,Дорогой Птиц,,russian
2002,song of the year,Алсу,Все Равно,,russian
2002,song of the year,Руки Вверх,Он Тебя Целует,,russian
2002,song of the year,Игорь Николаев,Прости И Отпусти,,russian
2002,song of the year,Жасмин,Головоломка,,russian
2002,song of the year,Юрий Антонов,Нет Тебя Прекрасней,,russian
2002,song of the year,Александр Буйнов,Песня О Настоящей Любви,,russian
2002,song of the year,Дискотека Авария,Disco Superstar,,russian
2002,song of the year,"Леонид Агутин, Анжелика Варум",Если Ты Когда-Нибудь Простишь,,russian
2002,song of the year,Николай Басков,Шарманка,,russian
2002,song of the year,"Кристина Орбакайте, Авраам Руссо","Любовь, Которой Больше Нет",,russian
2002,song of the year,Олег Газманов,Белый Снег,,russian
2002,song of the year,"Вячеслав Петкун, Александр Голубев, Антон Макарский",Belle,,russian
2002,song of the year,Ирина Аллегрова,Невинная Любовь,,russian
2002,song of the year,Сергей Мазаев,Я Люблю Тебя До Слез,,russian
2002,song of the year,Лайма Вайкуле,Ночной Костер,,russian
2002,song of the year,Филипп Киркоров,Жестокая Любовь,,russian
2002,song of the year,Филипп Киркоров,Влюбленный И Безумно Одинокий,,russian
2002,song of the year,Валерий Сюткин,Для Тебя,,russian
2002,song of the year,Саша,За Туманом,,russian
2002,song of the year,Игорь Саруханов,Бухта Радости,,russian
2002,song of the year,Отпетые Мошенники,Насосы,,russian
2002,song of the year,Диана Гурцкая,Ты Знаешь Мама,,russian
2002,song of the year,"Юлия Чичерина, Группа Би-2",Мой Рок-Н-Ролл,,russian
2002,song of the year,Вячеслав Добрынин,Кто Тебе Сказал,,russian
2002,song of the year,Витас,Лист Осенний,,russian
2002,song of the year,Гра,Стоп,,russian
2002,song of the year,Александр Маршал,Белый Пепел,,russian
2002,song of the year,Самоцветы,Не Надо Печалиться,,russian
2002,song of the year,Жасмин,Не Отпускай Меня,,russian
2002,song of the year,Динамит,Не Забуду,,russian
2002,song of the year,Любэ,Ты Неси Меня Река,,russian
2002,song of the year,Наталья Ветлицкая,Половинки,,russian
2002,song of the year,Сергей Жуков,Омут,,russian
2002,song of the year,Александр Малинин,Это Жизнь,,russian
2002,song of the year,Надежда Бабкина,Судьба,,russian
2002,song of the year,Паскаль,Процентов Любви,,russian
2002,song of the year,"Борис Моисеев, Нильда Фернандес",Когда Забудешь Ты Меня,,russian
2002,song of the year,Наташа Королева,Капелька,,russian
2002,song of the year,Д.Стивер,Любовь Настала,,russian
2002,song of the year,Сосо Павлиашвили,Ждем Тебя Грузин,,russian
2002,song of the year,Марина Хлебникова,Зима Приходит Сама,,russian
2002,song of the year,Чай Вдвоем,Сынок,,russian
2002,song of the year,Валерий Меладзе,Спрячем Слезы От Посторонних,,russian
2002,song of the year,Блестящие,За Четыре Моря,,russian
2002,song of the year,Игорь Николаев,Все Будет Хорошо,,russian
2002,song of the year,Анжелика Варум,Зимние Сны,,russian
2002,song of the year,Дмитрий Маликов,История Любви,,russian
2002,song of the year,Кристина Орбакайте,Да-Ди-Дам,,russian
2002,song of the year,Валерий Леонтьев,"Давай, Давай",,russian
2002,song of the year,Валерий Леонтьев,Шери,,russian
2002,song of the year,Данко,Последний Раз,,russian
2002,song of the year,Андрей Губин,Она Одна,,russian
2002,song of the year,Иванушки Интернейшнл,Безнадега Точка Ру,,russian
2002,song of the year,Ирина Салтыкова,Я Скучаю По Тебе,,russian
2002,song of the year,Николай Трубач,Белым,,russian
2002,song of the year,Гости Из Будущего,Он Чужой,,russian
2002,song of the year,Варвара,Одна,,russian
2002,song of the year,Юрий Шатунов,Седая Ночь,,russian
2002,song of the year,Гости Из Будущего,Метко,,russian
2002,song of the year,Иосиф Кобзон,Вытрем Слезы,,russian
2002,song of the year,Авраам Руссо,Далеко-Далеко,,russian
2002,song of the year,Hi-Fi,Надо Выбрать День,,russian
2002,song of the year,"Алена Апина, Борис Моисеев",Грешный Мир,,russian
2002,song of the year,Премьер-Министр,Два Бриллианта,,russian
2002,song of the year,Дискотека Авария,Х.Х.Х.И.Р.Н.Р.,,russian
2002,song of the year,Лада Дэнс,Как Я Любила,,russian
2002,song of the year,Руки Вверх,Уходи,,russian
2002,song of the year,Рефлекс,Первый Раз,,russian
2002,song of the year,"Виктор Рыбин, Наталья Сенчукова",Я По Тебе Скучаю,,russian
2002,song of the year,Моральный Кодекс,Первый Снег,,russian
2002,song of the year,Сливки,Я Другая,,russian
2002,song of the year,Николай Басков,Силы Небесные,,russian
2002,song of the year,Русская Песня,Тропочки,,russian
2002,song of the year,Леонид Агутин,Новый Год,,russian
2002,song of the year,Олег Газманов,Ночи И Дни,,russian
2002,song of the year,Лицей,Завтра Ты Станешь Взрослой,,russian
2002,song of the year,Валерий Леонтьев,Миллион Ангелов,,russian
2002,song of the year,Лолита,Музыка Тела,,russian
2002,song of the year,Филипп Киркоров,Дай Огня Детка,,russian
2002,song of the year,Все Участники,Песня Остается С Человеком,,russian
2001,song of the year,"Вячеслав Добрынин, Виа Самоцветы","Все, Что В Жизни Есть У Меня",,russian
2001,song of the year,Високосный Год,Метро,,russian
2001,song of the year,"Дюна, Наталья Сенчукова",Дребедень,,russian
2001,song of the year,"Борис Моисеев, Нильда Фернандес",День И Ночь,,russian
2001,song of the year,Сливки,Куда Уходит Детство,,russian
2001,song of the year,Александр Иванов,"Боже, Какой Пустяк",,russian
2001,song of the year,Жасмин,Перепишу Любовь,,russian
2001,song of the year,Иванушки Интернейшенл,Лодочка,,russian
2001,song of the year,Татьяна Буланова,Золотая Пора,,russian
2001,song of the year,Hi-Fi,Все В Огонь,,russian
2001,song of the year,Золотое Кольцо,Заплутавшее Счастье,,russian
2001,song of the year,Иосиф Кобзон,Колокольчики Во Ржи,,russian
2001,song of the year,Диана Гурцкая,Венок,,russian
2001,song of the year,Дискотека Авария,На Острие Атаки,,russian
2001,song of the year,Гости Из Будущего,Так Отважно,,russian
2001,song of the year,Любэ,Позови Меня Тихо По Имени,,russian
2001,song of the year,Анна Резникова,Прощальные Слова,,russian
2001,song of the year,Юрий Антонов,Дорога К Морю,,russian
2001,song of the year,Алсу,Осень,,russian
2001,song of the year,Отпетые Мошенники,А У Реки,,russian
2001,song of the year,Руки Вверх,"Доброй, Нежной, Ласковой",,russian
2001,song of the year,Блестящие,Белым Снегом,,russian
2001,song of the year,Алена Свиридова,Это Ведь Я,,russian
2001,song of the year,Лолита,Отвали,,russian
2001,song of the year,"Игорь Николаев, Игорь Крутой",Мой Друг,,russian
2001,song of the year,Татьяна Овсиенко,Поплачу И Брошу,,russian
2001,song of the year,Александр Буйнов,Я Пришел К Тебе Совсем,,russian
2001,song of the year,Би-2,Моя Любовь,,russian
2001,song of the year,Ирина Аллегрова,Мама,,russian
2001,song of the year,Лев Лещенко,Течение,,russian
2001,song of the year,Дмитрий Маликов,Птицелов,,russian
2001,song of the year,Кристина Орбакайте,Мой Мир,,russian
2001,song of the year,"Олег, Родион Газманов",Люси,,russian
2001,song of the year,Валерия,Таю,,russian
2001,song of the year,Валерий Леонтьев,Кленовый Лист,,russian
2001,song of the year,Валерий Леонтьев,Настройщик,,russian
2001,song of the year,Алла Пугачева,Речной Трамвайчик,,russian
2001,song of the year,"Алла Пугачева, Максим Галкин",Будь Или Не Будь,,russian
2001,song of the year,Чай Вдвоем,Ласковая Моя,,russian
2001,song of the year,Марина Хлебникова,"Солнышко Мое, Вставай",,russian
2001,song of the year,Високосный Год,Лучшая Песня О Любви,,russian
2001,song of the year,Ариана,Под Испанским Небом,,russian
2001,song of the year,Андрей Губин,Убегает Лето,,russian
2001,song of the year,Гости Из Будущего,Разбить Души Твоей Окна,,russian
2001,song of the year,Динамит,Красивые Слова,,russian
2001,song of the year,Валентина Толкунова,Если Б Не Было Войны,,russian
2001,song of the year,Витас,Блаженный Гуру,,russian
2001,song of the year,Катя Лель,Горошины,,russian
2001,song of the year,Игорь Саруханов,Придуманная Любовь,,russian
2001,song of the year,Дискотека Авария,Заколебал Ты,,russian
2001,song of the year,Наташа Королева,Простая Любовь,,russian
2001,song of the year,Леонид Агутин,Трамвайчик,,russian
2001,song of the year,Акула,Мало,,russian
2001,song of the year,Сливки,Летели Недели,,russian
2001,song of the year,Игорь Николаев,Пять Причин,,russian
2001,song of the year,Любэ,Ветер-Ветерок,,russian
2001,song of the year,Жасмин,Торопишься Слишком,,russian
2001,song of the year,Hi-Fi,Бомбей,,russian
2001,song of the year,Надежда Бабкина,Дама Русская,,russian
2001,song of the year,Иванушки Интернейшенл,Капелька Света,,russian
2001,song of the year,Алена Апина,Завтра,,russian
2001,song of the year,Руки Вверх,Маленькие Девочки,,russian
2001,song of the year,Алсу,Когда Любовь Ко Мне Придет,,russian
2001,song of the year,Иосиф Кобзон,Танцуем Танго,,russian
2001,song of the year,Анжелика Варум,День И Ночь,,russian
2001,song of the year,Премьер Министр,Украинская Песня,,russian
2001,song of the year,Татьяна Овсиенко,По Льду,,russian
2001,song of the year,Александр Малинин,Берега,,russian
2001,song of the year,Лайма,Твое Имя Танго,,russian
2001,song of the year,"Лев Лещенко, Динамит","Не Плачь, Девчонка",,russian
2001,song of the year,Ирина Аллегрова,Аккордеон,,russian
2001,song of the year,Валерий Меладзе,Комедиант,,russian
2001,song of the year,Валерия,Не Обманывай,,russian
2001,song of the year,Олег Газманов,Единственная Моя,,russian
2001,song of the year,София Ротару,Не Спросишь,,russian
2001,song of the year,София Ротару,Другая,,russian
2001,song of the year,Филипп Киркоров,Ты Поверишь,,russian
2001,song of the year,Филипп Киркоров,Я За Тебя Умру,,russian
2001,song of the year,Все Участники,Песня Остается С Человеком,,russian
2000,song of the year,Филипп Киркоров,Огонь И Вода,,russian
2000,song of the year,Валерия,Метелица,,russian
2000,song of the year,Юрий Антонов,Зеркало,,russian
2000,song of the year,Дискотека Авария,Новогодняя,,russian
2000,song of the year,Лариса Долина,Телефонная Книжка,,russian
2000,song of the year,Олег Газманов,Морячка,,russian
2000,song of the year,Руки Вверх,Алешка,,russian
2000,song of the year,Алсу,Иногда,,russian
2000,song of the year,Лев Лещенко,Притяжение Земли,,russian
2000,song of the year,Блестящие,"Чао, Бамбино!",,russian
2000,song of the year,Александр Малинин,Поручик Голицын,,russian
2000,song of the year,"Татьяна Буланова, Dj Цветкоff",Мой Сон,,russian
2000,song of the year,Дюна,Борька-Бабник,,russian
2000,song of the year,"Леонид Агутин, Анжелика Варум",Прощай,,russian
2000,song of the year,Данко,Малыш,,russian
2000,song of the year,Любэ,Солдат,,russian
2000,song of the year,Валентина Толкунова,Носики-Курносики,,russian
2000,song of the year,Отпетые Мошенники,Не Говори Мне Ничего,,russian
2000,song of the year,"Надежда Бабкина, Ансамбль Русская Песня",Казачка Надя,,russian
2000,song of the year,Александр Иванов,Мотив Последней Песни,,russian
2000,song of the year,Наташа Королева,Чуть-Чуть Не Считается,,russian
2000,song of the year,Иосиф Кобзон,Журавли,,russian
2000,song of the year,"Ядвига Поплавская, Александр Тиханович",Малиновка,,russian
2000,song of the year,​Никита,​Однажды,,russian
2000,song of the year,​Валентина Легкоступова,​Ягода Малина,,russian
2000,song of the year,​Борис Моисеев,​Аты-Баты,,russian
2000,song of the year,Hi-Fi,Глупые Люди,,russian
2000,song of the year,Демо,Выше Неба,,russian
2000,song of the year,Эдуард Хиль,Зима,,russian
2000,song of the year,Гости Из Будущего,Ты Где-То,,russian
2000,song of the year,Дмитрий Маликов,Отпусти Xx Век,,russian
2000,song of the year,Кристина Орбакайте,Не Бей Любовь,,russian
2000,song of the year,Александр Серов,Проклятая,,russian
2000,song of the year,Татьяна Овсиенко,Женское Счастье,,russian
2000,song of the year,Андрей Губин,Облака,,russian
2000,song of the year,Лайма Вайкуле,Латинский Квартал,,russian
2000,song of the year,Валерий Леонтьев,Казанова,,russian
2000,song of the year,Ирина Аллегрова,Императрица,,russian
2000,song of the year,Филипп Киркоров,Роза Красная Моя,,russian
2000,song of the year,София Ротару,Червона Рута В.Ивасюк),,russian
2000,song of the year,София Ротару,Меланхолия,,russian
2000,song of the year,Иванушки Интернешенл,Реви,,russian
2000,song of the year,Вячеслав Добрынин,Льется Музыка,,russian
2000,song of the year,Алсу,Свет В Твоем Окне,,russian
2000,song of the year,Мурат Насыров,Ловила На Губы,,russian
2000,song of the year,Вячеслав Малежик,Лет,,russian
2000,song of the year,Паскаль,Шелковое Сердце,,russian
2000,song of the year,Галина Ненашева,Белая Лебедь,,russian
2000,song of the year,Руки Вверх,Думала,,russian
2000,song of the year,Влад Сташевский,Я Не Буду Тебя Больше Ждать,,russian
2000,song of the year,Диана Гурцкая,Верность,,russian
2000,song of the year,Турбомода,Мама,,russian
2000,song of the year,Владимир Маркин,Сиреневый Туман,,russian
2000,song of the year,Жасмин,Долгие Дни,,russian
2000,song of the year,"Игорь Саруханов, Николай Трубач",Лодочка,,russian
2000,song of the year,Эдуард Хиль,Как Провожают Пароходы,,russian
2000,song of the year,Лолита Милявская,Цветочки,,russian
2000,song of the year,Премьер-Министр,Восточная,,russian
2000,song of the year,Белый Орел,С Высоких Гор,,russian
2000,song of the year,Роза Рымбаева,Любовь Настала,,russian
2000,song of the year,Юрий Антонов,Поверь В Мечту,,russian
2000,song of the year,Андрей Губин,Птица,,russian
2000,song of the year,Алена Апина,Тополя,,russian
2000,song of the year,Николай Гнатюк,Малиновый Звон,,russian
2000,song of the year,Витас,Опера № 2,,russian
2000,song of the year,"Иосиф Кобзон, Борис Моисеев",Мы С Тобою Танцуем,,russian
2000,song of the year,Батыр,Душа,,russian
2000,song of the year,Кристина Орбакайте,Май,,russian
2000,song of the year,Лев Лещенко,"До Свиданья, Москва",,russian
2000,song of the year,Александр Буйнов,Любовь На Двоих,,russian
2000,song of the year,Татьяна Овсиенко,Свежий Ветер,,russian
2000,song of the year,Олег Газманов,Детство Мое,,russian
2000,song of the year,Валерий Меладзе,Ночь Накануне Рождества,,russian
2000,song of the year,Валерия,Не Обижай Меня,,russian
2000,song of the year,Игорь Николаев,Портрет Работы Поднебесного Маэстро,,russian
2000,song of the year,На-На,Шляпа,,russian
2000,song of the year,Ирина Аллегрова,Транзитный Пассажир,,russian
2000,song of the year,Филипп Киркоров,Килиманджаро,,russian
2000,song of the year,София Ротару,Магазин Цветы,,russian
2000,song of the year,Валерий Леонтьев,Волчья Страсть,,russian
2000,song of the year,Валерий Леонтьев,Августин,,russian
1999,song of the year,Людмила Гурченко,Московские Окна,,russian
1999,song of the year,Любэ,"Не Валяй Дурака, Америка",,russian
1999,song of the year,Демо,Лет,,russian
1999,song of the year,Андрей Губин,"Плачь, Любовь",,russian
1999,song of the year,Валентина Толкунова,Серебрянные Свадьбы,,russian
1999,song of the year,Руки Вверх,Прости,,russian
1999,song of the year,Доктор Ватсон,Попурри,,russian
1999,song of the year,Стрелки,Нет Любви,,russian
1999,song of the year,Вахтанг Кикабидзе,Мои Года,,russian
1999,song of the year,Наташа Королева,"Прощайте, Детские Мечты",,russian
1999,song of the year,Hi-Fi,Беспризорник,,russian
1999,song of the year,"Лайма Вайкуле, Лев Лещенко, Владимир Винокур",Трио,,russian
1999,song of the year,Дмитрий Маликов,До Утра,,russian
1999,song of the year,Юрий Антонов,Не Забывай,,russian
1999,song of the year,Алена Апина,Электричка,,russian
1999,song of the year,Иосиф Кобзон,А У Нас Во Дворе,,russian
1999,song of the year,Академия,Маленький,,russian
1999,song of the year,Александр Розенбаум,Вальс-Бостон,,russian
1999,song of the year,Лев Лещенко,Прощай,,russian
1999,song of the year,Надежда Бабкина,Маменька,,russian
1999,song of the year,Игорь Николаев,Конверты Счастья,,russian
1999,song of the year,Белый Орел,Как Упоительны В России Вечера,,russian
1999,song of the year,Анжелика Варум,Ля-Ля-Фа,,russian
1999,song of the year,Александр Буйнов,Падают Листья,,russian
1999,song of the year,Татьяна Овсиенко,Музыка Нас Связала,,russian
1999,song of the year,Александр Серов,Я Люблю Тебя До Слез,,russian
1999,song of the year,Лариса Долина,Льдинка,,russian
1999,song of the year,Вячеслав Добрынин,Не Сыпь Мне Соль На Рану,,russian
1999,song of the year,Олег Газманов,Вот И Лето Прошло,,russian
1999,song of the year,Ирина Аллегрова,Странник,,russian
1999,song of the year,Валерий Леонтьев,Мой Xx Век,,russian
1999,song of the year,Валерий Леонтьев,Каждый Хочет Любить,,russian
1999,song of the year,София Ротару,Первый Снег,,russian
1999,song of the year,София Ротару,Лаванда,,russian
1999,song of the year,София Ротару,"Луна, Луна",,russian
1999,song of the year,Владимир Трошин,Подмосковные Вечера,,russian
1999,song of the year,Валерий Сюткин,Над Землей,,russian
1999,song of the year,Демо,Солнышко,,russian
1999,song of the year,Вахтанг Кикабидзе,Проводы Любви,,russian
1999,song of the year,Блестящие,Милый Рулевой,,russian
1999,song of the year,Руки Вверх,Крошка Моя,,russian
1999,song of the year,Любэ,"Эх, Москва",,russian
1999,song of the year,Отпетые Мошенники,"Люби Меня, Люби",,russian
1999,song of the year,Ирина Отиева,Последняя Поэма,,russian
1999,song of the year,Игорь Николаев,Выпьем За Любовь,,russian
1999,song of the year,Тамара Синявская,Гляжу В Озера Синие,,russian
1999,song of the year,Тамара Синявская,Катюша,,russian
1999,song of the year,Владимир Кузьмин,Я Не Забуду Тебя,,russian
1999,song of the year,Андрей Губин,Мальчик-Бродяга,,russian
1999,song of the year,Гости Из Будущего,Нелюбовь,,russian
1999,song of the year,Муслим Магомаев,Благодарю Тебя,,russian
1999,song of the year,Муслим Магомаев,Надежда,,russian
1999,song of the year,"Надежда Кадышева, Ансамбль Золотое Кольцо",Течет Ручей,,russian
1999,song of the year,Борис Моисеев,Звездочка,,russian
1999,song of the year,Юрий Лоза,Плот,,russian
1999,song of the year,Эдита Пьеха,Наш Сосед,,russian
1999,song of the year,Аркадий Укупник,Петруха,,russian
1999,song of the year,Экс-Бб,Дискотека Xx Века,,russian
1999,song of the year,На-На,Фаина,,russian
1999,song of the year,Татьяна Овсиенко,Гуси-Лебеди,,russian
1999,song of the year,Александр Малинин,Напрасные Слова,,russian
1999,song of the year,Людмила Гурченко,Когда Мы Были Молодыми,,russian
1999,song of the year,Валерий Меладзе,Красиво,,russian
1999,song of the year,Лев Лещенко,День Победы,,russian
1999,song of the year,Электроклуб,Кони В Яблоках,,russian
1999,song of the year,Натали,Ветер С Моря Дул,,russian
1999,song of the year,Крис Кельми,Ночное Рандеву,,russian
1999,song of the year,Иванушки Int,Снегири,,russian
1999,song of the year,Александр Барыкин,Букет,,russian
1999,song of the year,Диана Гурцкая,Ты Здесь,,russian
1999,song of the year,Самоцветы,Увезу Тебя Я В Тундру,,russian
1999,song of the year,Леонид Агутин,Босоногий Мальчик,,russian
1999,song of the year,Мало,Не Много,,russian
1999,song of the year,Вещая Судьба,Татьяна Буланова,,russian
1999,song of the year,Атомное Чувство Любовь,Александр Розенбаум,,russian
1999,song of the year,Ленинградский Рок-Н-Ролл,Группа Премьер-Министр,,russian
1999,song of the year,Лететь,Жанна Агузарова,,russian
1999,song of the year,Я Готов Целовать Песок,Группа А-Мега,,russian
1999,song of the year,Душечка-Кума,Владимир Маркин,,russian
1999,song of the year,Трава У Дома,Надежда Бабкина И Ансамбль Русская Песня,,russian
1999,song of the year,Мгновения,Виа Земляне,,russian
1999,song of the year,Твоя Улыбка,Иосиф Кобзон,,russian
1999,song of the year,Попурри,Азиза,,russian
1999,song of the year,Яблоки На Снегу,Группа Доктор Ватсон,,russian
1999,song of the year,Отшумели Летние Дожди,Михаил Муромов,,russian
1999,song of the year,На Вечеринке,Шура,,russian
1999,song of the year,Синий Туман,Группа Стрелки,,russian
1999,song of the year,Желтые Тюльпаны,Вячеслав Добрынин,,russian
1999,song of the year,Ястреб,Наташа Королева,,russian
1999,song of the year,Еще Не Вечер,Лев Лещенко,,russian
1999,song of the year,Мои Финансы,Лайма Вайкуле,,russian
1999,song of the year,Случайный Прохожий,Александр Буйнов,,russian
1999,song of the year,Море,Лариса Долина,,russian
1999,song of the year,Гарем,Юрий Антонов,,russian
1999,song of the year,Мадонна,Ирина Аллегрова,,russian
1999,song of the year,Эскадрон,Александр Серов,,russian
1999,song of the year,Все В Твоих Руках,Олег Газманов,,russian
1999,song of the year,Зеленый Свет,Леонид Агутин И Анжелика Варум,,russian
1999,song of the year,Вернисаж,Валерий Леонтьев,,russian
1999,song of the year,Хуторянка,Валерий Леонтьев И Лайма Вайкуле,,russian
1999,song of the year,Unknown,София Ротару,,russian
1998,song of the year,Валерий Сюткин,Далеко,,russian
1998,song of the year,"Борис Моисеев, Николай Трубач",Голубая Луна,,russian
1998,song of the year,"Татьяна Овсиенко, Группа Икс-Миссия",Сон,,russian
1998,song of the year,"Иосиф Кобзон, Лада Дэнс",Розы Любви,,russian
1998,song of the year,А-Студио,Без Тебя,,russian
1998,song of the year,Лери Винн,Ветер,,russian
1998,song of the year,Лев Лещенко,Не Надо,,russian
1998,song of the year,Валентина Толкунова,"Отцы, Не Оставляйте Сыновей",,russian
1998,song of the year,Валерий Меладзе,Говорила Ты,,russian
1998,song of the year,"Надежда Кадышева, Ансамбль Золотое Кольцо",На Посошок,,russian
1998,song of the year,Влад Сташевский,Вечерочки-Вечерки,,russian
1998,song of the year,Блестящие,"Где Же Ты, Где",,russian
1998,song of the year,Наташа Королева,Хрустальное Сердце Мальвины,,russian
1998,song of the year,Леонид Агутин,Летний Дождь,,russian
1998,song of the year,"Леонид Агутин, Анжелика Варум",Февраль,,russian
1998,song of the year,Анжелика Варум,Колыбельная,,russian
1998,song of the year,Аркадий Укупник,Грусть,,russian
1998,song of the year,Лайма Вайкуле,Акапулько,,russian
1998,song of the year,Иванушки Int,Тополиный Пух,,russian
1998,song of the year,"Татьяна Овсиенко, Группа Икс-Миссия",Не Забудь,,russian
1998,song of the year,Дмитрий Маликов,После Бала,,russian
1998,song of the year,Лариса Долина,Певица И Музыкант,,russian
1998,song of the year,Лариса Долина,Черно-Белая Судьба,,russian
1998,song of the year,Александр Буйнов,Мои Финансы,,russian
1998,song of the year,София Ротару,Звезды Как Звезды,,russian
1998,song of the year,София Ротару,Лунная Радуга,,russian
1998,song of the year,Валерий Леонтьев,Канатный Плясун,,russian
1998,song of the year,Валерий Леонтьев,Ты Меня Не Забывай,,russian
1998,song of the year,"Тет-А-Тет, Блестящие, Стрелки, А-Мега, Ирина Салтыкова, Лена Зосимова",Ты Нужен Всем,,russian
1998,song of the year,Владимир Асимов,Я Приеду,,russian
1998,song of the year,Надежда Бабкина,Орел-Орел,,russian
1998,song of the year,Шура,Не Верь Слезам,,russian
1998,song of the year,Николай Носков,Русская Баллада,,russian
1998,song of the year,Алена Апина,Москвичи,,russian
1998,song of the year,Михаил Шуфутинский,Московское Такси,,russian
1998,song of the year,Игорь Корнелюк,Клево,,russian
1998,song of the year,Эдита Пьеха,Никогда Любить Не Поздно,,russian
1998,song of the year,Любэ,"Там, За Туманами",,russian
1998,song of the year,Академия,Ту-Ту-Ту,,russian
1998,song of the year,Александр Малинин,Нет Пути Назад,,russian
1998,song of the year,Марина Хлебникова,Дожди,,russian
1998,song of the year,Иосиф Кобзон,Последний Эшелон,,russian
1998,song of the year,Иосиф Кобзон,Доченька,,russian
1998,song of the year,Кристина Орбакайте,Музыкант,,russian
1998,song of the year,Юрий Антонов,Этот Перекресток,,russian
1998,song of the year,Алена Свиридова,Будет Так,,russian
1998,song of the year,Игорь Николаев,"Человек, Влюбленный В Сахалин",,russian
1998,song of the year,Маша Распутина,Ты Упал С Луны,,russian
1998,song of the year,Олег Газманов,Мотылек,,russian
1998,song of the year,"София Ротару, Николай Расторгуев",Засентябрило,,russian
1998,song of the year,Вячеслав Добрынин,Белая Акула,,russian
1998,song of the year,Ирина Аллегрова,Монолог,,russian
1998,song of the year,Ирина Аллегрова,Бабы-Стервы,,russian
1998,song of the year,Филипп Киркоров,Медсестра,,russian
1998,song of the year,Филипп Киркоров,Дива,,russian
1998,song of the year,Все Участники,Песня Остается С Человеком,,russian
1997,song of the year,"Лев Лещенко, Владимир Винокур","Гэй, Славяне!",,russian
1997,song of the year,Алиса Мон,Алмаз,,russian
1997,song of the year,Максим Леонидов,Девочка-Видение,,russian
1997,song of the year,Анжелика Варум,Дождливое Такси,,russian
1997,song of the year,Александр Малинин,Родина Россия,,russian
1997,song of the year,Эдита Пьеха,На Волне Твоей Любви,,russian
1997,song of the year,На-На,Судьба,,russian
1997,song of the year,Валентина Толкунова,Зелена Трава,,russian
1997,song of the year,Дмитрий Маликов,"Ты Одна, Ты Такая",,russian
1997,song of the year,Сестры Роуз,Близнецы,,russian
1997,song of the year,Иванушки Int,Кукла,,russian
1997,song of the year,"Надежда Кадышева, Ансамбль Золотое Кольцо",Я Не Колдунья,,russian
1997,song of the year,Михаил Шуфутинский,Пусть Тебе Приснится Пальма-Де-Майорка,,russian
1997,song of the year,Марина Хлебникова,Чашка Кофею,,russian
1997,song of the year,"Наталья Ветлицкая, Сергей Мазаев","Слова, Что Ты Не Скажешь",,russian
1997,song of the year,Вячеслав Добрынин,На Юге Дальнем,,russian
1997,song of the year,Наташа Королева,Лето Кастаньет,,russian
1997,song of the year,Александр Серов,Поезд Киев-Москва,,russian
1997,song of the year,Татьяна Овсиенко,Солнце Мое,,russian
1997,song of the year,Татьяна Овсиенко,Колечко,,russian
1997,song of the year,Юрий Антонов,Проливные Дожди,,russian
1997,song of the year,Лайма Вайкуле,Я Скучаю Без Тебя,,russian
1997,song of the year,Филипп Киркоров,Мало,,russian
1997,song of the year,Филипп Киркоров,Единственная Моя,,russian
1997,song of the year,София Ротару,Твои Печальные Глаза,,russian
1997,song of the year,София Ротару,Было Время,,russian
1997,song of the year,София Ротару,Свитерок,,russian
1997,song of the year,Николай Трубач,Пять Минут,,russian
1997,song of the year,Балаган Лимитед,Че Те Надо?,,russian
1997,song of the year,Влад Сташевский,Берег,,russian
1997,song of the year,Татьяна Буланова,Стерпится-Слюбится,,russian
1997,song of the year,Иосиф Кобзон,Был Пацан,,russian
1997,song of the year,Иосиф Кобзон,Как Любимую Сделать Счастливою,,russian
1997,song of the year,Азиза,Все Или Ничего,,russian
1997,song of the year,Любэ,Скворцы,,russian
1997,song of the year,Надежда Бабкина,Жизнь Пропащая,,russian
1997,song of the year,Игорь Николаев,Пять Родных Сердец,,russian
1997,song of the year,Любовь Успенская,Пропадаю Я,,russian
1997,song of the year,Лев Лещенко,Поздняя Женщина,,russian
1997,song of the year,Академия,Я Обиделась,,russian
1997,song of the year,Александр Буйнов,Песня О Родине,,russian
1997,song of the year,"Леонид Агутин, Анжелика Варум",Королева,,russian
1997,song of the year,"Вячеслав Добрынин, Николай Расторгуев, Лев Лещенко, Михаил Шуфутинский, Андрей Державин",Не Забывайте Друзей,,russian
1997,song of the year,Ирина Понаровская,Блюз Любви,,russian
1997,song of the year,Аркадий Укупник,Ресторанчик Поплавок,,russian
1997,song of the year,Маша Распутина,Ты Меня Не Буди,,russian
1997,song of the year,Валерий Меладзе,Самба Белого Мотылька,,russian
1997,song of the year,Лариса Долина,Дарю Тебе Москву,,russian
1997,song of the year,Лариса Долина,Обижаюсь,,russian
1997,song of the year,Олег Газманов,Этот День,,russian
1997,song of the year,"Ирина Аллегрова, Игорь Крутой",Незаконченный Роман,,russian
1997,song of the year,Ирина Аллегрова,Сударь,,russian
1997,song of the year,Валерий Леонтьев,Санта-Барбара,,russian
1997,song of the year,Валерий Леонтьев,Один Билет,,russian
1997,song of the year,Алла Пугачева,А Я В Воду Войду,,russian
1997,song of the year,Алла Пугачева,Позови Меня С Собой,,russian
1996,song of the year,Все Участники Концерта,Песня Остается С Человеком,,russian
1996,song of the year,Валерий Сюткин,Радио Ночных Дорог,,russian
1996,song of the year,Татьяна Буланова,Ясный Мой Свет,,russian
1996,song of the year,Фристайл,"Ах, Какая Женщина",,russian
1996,song of the year,Андрей Губин,Дай Мне Слово,,russian
1996,song of the year,Валентина Толкунова,Родители Наши,,russian
1996,song of the year,Дмитрий Маликов,"Прощай, Моя Блондинка",,russian
1996,song of the year,Наташа Королева,Маленькая Страна,,russian
1996,song of the year,Азиза,Невезуха,,russian
1996,song of the year,Лев Лещенко,Были Юными И Счастливыми,,russian
1996,song of the year,Анжелика Варум,Зимняя Вишня,,russian
1996,song of the year,Вадим Байков,На Ордынке,,russian
1996,song of the year,Академия,Зараза,,russian
1996,song of the year,Валерий Меладзе,Актриса,,russian
1996,song of the year,Надежда Бабкина,Конь Вороной,,russian
1996,song of the year,Игорь Николаев,Благословляю Этот Вечер,,russian
1996,song of the year,Татьяна Овсиенко,Школьная Пора,,russian
1996,song of the year,Леонид Агутин,Остров,,russian
1996,song of the year,Алена Свиридова,Бедная Овечка,,russian
1996,song of the year,Александр Серов,Ворованная Ночь,,russian
1996,song of the year,Лариса Долина,Погода В Доме,,russian
1996,song of the year,Филипп Киркоров,"Виноват Я, Виноват",,russian
1996,song of the year,Филипп Киркоров,Зайка Моя,,russian
1996,song of the year,София Ротару,Ночь Любви,,russian
1996,song of the year,София Ротару,Нет Мне Места В Твоем Сердце,,russian
1996,song of the year,Ирина Салтыкова,Сокол Ясный,,russian
1996,song of the year,Сосо Павлиашвили,"Верю Я, Что Повезет",,russian
1996,song of the year,Сестры Роуз,Бродяга,,russian
1996,song of the year,Иванушки Int.,Тучи,,russian
1996,song of the year,Игорь Демарин,Хочу В Круиз,,russian
1996,song of the year,"Надежда Кадышева, Ансамбль Золотое Кольцо",Течет Ручей,,russian
1996,song of the year,Иосиф Кобзон,Украина-Нэнько,,russian
1996,song of the year,Иосиф Кобзон,Твой Взгляд,,russian
1996,song of the year,Роксана Бабаян,Из-За Любви,,russian
1996,song of the year,Любэ,Самоволочка,,russian
1996,song of the year,Любовь Успенская,Карусель,,russian
1996,song of the year,Александр Малинин,Прекрасное Нельзя,,russian
1996,song of the year,Наталья Ветлицкая,Я Не Вернусь,,russian
1996,song of the year,Вячеслав Добрынин,Ты Меня Пожалей,,russian
1996,song of the year,Ирина Понаровская,Женщина Всегда Права,,russian
1996,song of the year,Михаил Шуфутинский,Осень В Филадельфии,,russian
1996,song of the year,Маша Распутина,"Ой, Мама, Ой",,russian
1996,song of the year,Влад Сташевский,Позови Меня В Ночи,,russian
1996,song of the year,Лайма Вайкуле,Король Сочиняет Танго,,russian
1996,song of the year,Александр Буйнов,Пустой Бамбук,,russian
1996,song of the year,Ирина Аллегрова,Девочка По Имени Хочу,,russian
1996,song of the year,Ирина Аллегрова,Я Тучи Разведу Руками,,russian
1996,song of the year,Валерий Леонтьев,Человек Дождя,,russian
1996,song of the year,Валерий Леонтьев,Сокровища Черного Моря,,russian
1996,song of the year,Олег Газманов,Москва,,russian
1995,song of the year,Валерий Сюткин,Над Землей,,russian
1995,song of the year,Наташа Королева,Конфетти,,russian
1995,song of the year,Игорь Николаев,Выпьем За Любовь,,russian
1995,song of the year,Роксана Бабаян,Праздничный Стол,,russian
1995,song of the year,Вадим Казаченко,Благослови,,russian
1995,song of the year,Татьяна Овсиенко,Давай Оставим Все Как Есть,,russian
1995,song of the year,А-Студио,Нелюбимая,,russian
1995,song of the year,Надежда Бабкина,"Ну И Что, Что Обжигалась",,russian
1995,song of the year,Дюна,Борька-Бабник,,russian
1995,song of the year,Татьяна Буланова,"Скажи Мне Правду, Атаман",,russian
1995,song of the year,Академия,Догги,,russian
1995,song of the year,Дмитрий Маликов,Выпью До Дна,,russian
1995,song of the year,Алена Апина,Узелки,,russian
1995,song of the year,Иосиф Кобзон,Приди,,russian
1995,song of the year,"Иосиф Кобзон, Игорь Николаев, Наташа Королева",Лучик Солнца,,russian
1995,song of the year,Лариса Долина,До Свиданья,,russian
1995,song of the year,Любэ,Комбат,,russian
1995,song of the year,Любовь Успенская,Кабриолет,,russian
1995,song of the year,Александр Буйнов,Падают Листья,,russian
1995,song of the year,Маша Распутина,Я И Ты,,russian
1995,song of the year,На-На,Моя Малышка,,russian
1995,song of the year,Александр Серов,Я Люблю Тебя До Слез,,russian
1995,song of the year,София Ротару,Остров Любви,,russian
1995,song of the year,Филипп Киркоров,Днем И Ночью,,russian
1995,song of the year,Валерий Меладзе,Сэра,,russian
1995,song of the year,Азиза,"Верь, Любимый Мой",,russian
1995,song of the year,Линда,Мало Огня,,russian
1995,song of the year,Андрей Губин,Мальчик-Бродяга,,russian
1995,song of the year,"Валентина Толкунова, Леонид Серебренников",Старый Вальс,,russian
1995,song of the year,Влад Сташевский,Я Не Буду Тебя Больше Ждать,,russian
1995,song of the year,Наталья Ветлицкая,Раба Любви,,russian
1995,song of the year,Вадим Байков,У Меня Нет Жены,,russian
1995,song of the year,Михаил Шуфутинский,За Милых Дам,,russian
1995,song of the year,Вячеслав Добрынин,Я Боюсь Твоей Любви,,russian
1995,song of the year,Эдита Пьеха,Россия,,russian
1995,song of the year,Сосо Павлиашвили,Пой Со Мной,,russian
1995,song of the year,Валерия,Самолет,,russian
1995,song of the year,Лев Лещенко,Моя И Близкая И Дальняя,,russian
1995,song of the year,Ирина Понаровская,Гитара,,russian
1995,song of the year,Олег Газманов,Бродяга,,russian
1995,song of the year,Анжелика Варум,Москва-Река,,russian
1995,song of the year,Леонид Агутин,Пароход,,russian
1995,song of the year,Лайма Вайкуле,Я Вышла На Пикадилли,,russian
1995,song of the year,Ирина Аллегрова,Безответная Любовь,,russian
1995,song of the year,Валерий Леонтьев,Танго Разбитых Сердец,,russian
1995,song of the year,Алла Пугачева,Я Тебя Никому Не Отдам,,russian
1995,song of the year,Алла Пугачева,Бессонница,,russian
1995,song of the year,"Алла Пугачева, Виктор Зинчук",Мэри,,russian
1995,song of the year,Все Участники Концерта,Песня Остается С Человеком,,russian
1994,song of the year,Любэ,Дорога,,russian
1994,song of the year,Роксана Бабаян,Чары Колдовские,,russian
1994,song of the year,Лев Лещенко,Сердце Не Камень,,russian
1994,song of the year,Наташа Королева,Поклонник,,russian
1994,song of the year,Олег Газманов,Друг,,russian
1994,song of the year,Я,Деревенская,,russian
1994,song of the year,Мне Грустно,Валентина Толкунова,,russian
1994,song of the year,Морозов,Александр Малинин,,russian
1994,song of the year,Хоп-Хей Лала Лей,Татьяна Овсиенко,,russian
1994,song of the year,Колыбельная,Леонид Агутин,,russian
1994,song of the year,На Летящем Коне,Татьяна Буланова,,russian
1994,song of the year,"Все, Что Было",Вадим Казаченко,,russian
1994,song of the year,Не Берите В Голову,Эдита Пьеха,,russian
1994,song of the year,Дружочек,Вячеслав Добрынин,,russian
1994,song of the year,Уезжай,Алена Апина,,russian
1994,song of the year,Привыкай,Игорь Николаев,,russian
1994,song of the year,Исповедь,Лариса Долина,,russian
1994,song of the year,Городок,Валерий Леонтьев,,russian
1994,song of the year,Марина,Анжелика Варум,,russian
1994,song of the year,"Ах, Москва",Михаил Шуфутинский,,russian
1994,song of the year,Поздняя Любовь,Маша Распутина,,russian
1994,song of the year,Магадан,Иосиф Кобзон,,russian
1994,song of the year,Беженцы,Наталья Ветлицкая,,russian
1994,song of the year,Лимпопо,Азиза,,russian
1994,song of the year,Цветы,Группа Дюна,,russian
1994,song of the year,Давай Построим Дом,Кабарэ-Дуэт Академия,,russian
1994,song of the year,Красавица-Жена,Ирина Отиева,,russian
1994,song of the year,Обычные Дела,Александр Буйнов,,russian
1994,song of the year,Звездопад,Валерия,,russian
1994,song of the year,Золото Любви,Александр Серов,,russian
1994,song of the year,Мотылек,Ирина Аллегрова,,russian
1994,song of the year,Примадонна,София Ротару,,russian
1994,song of the year,"Любовь, Похожая На Сон",Филипп Киркоров,,russian
1994,song of the year,Песня Остается С Человеком,Алла Пугачева,,russian
1994,song of the year,Unknown,Все Участники Концерта,,russian
1993,song of the year,Юрий Охочинский,Позднее Свидание,,russian
1993,song of the year,Лицей,Хороший Парень,,russian
1993,song of the year,Вадим Казаченко,Судьба,,russian
1993,song of the year,Екатерина Шаврина,Зеленые Глаза,,russian
1993,song of the year,Виктор Чайка,Мона Лиза,,russian
1993,song of the year,Наташа Королева,Желтый Чемоданчик,,russian
1993,song of the year,Андрей Державин,Брат,,russian
1993,song of the year,Азиза,За Свою Любовь,,russian
1993,song of the year,Михаил Шуфутинский,Две Свечи,,russian
1993,song of the year,Надежда Чепрага,Хочется Да Колется,,russian
1993,song of the year,Алексей Глызин,Любовь-Беда,,russian
1993,song of the year,Линда,Нон-Стоп,,russian
1993,song of the year,Александр Малинин,Леди Гамильтон,,russian
1993,song of the year,Роксана Бабаян,Сразу После Прощания,,russian
1993,song of the year,Игорь Николаев,Поздравляю,,russian
1993,song of the year,Лариса Долина,Романс Разведенных,,russian
1993,song of the year,Вячеслав Добрынин,Пиковая Дама,,russian
1993,song of the year,Лайма Вайкуле,"Прощай, Прощай",,russian
1993,song of the year,Филипп Киркоров,"Скажи Мне, Вишня",,russian
1993,song of the year,Маша Распутина,"Живи, Страна",,russian
1993,song of the year,Лев Лещенко,Старинная Москва,,russian
1993,song of the year,Олег Газманов,Дороги,,russian
1993,song of the year,Алена Апина,Все Так Непросто,,russian
1993,song of the year,Александр Буйнов,Я По Полю,,russian
1993,song of the year,Ирина Отиева,Что Ты Думаешь Об Этом,,russian
1993,song of the year,Восток,Дело Тонкое,,russian
1993,song of the year,Ля-Ля-Фа,Аркадий Укупник,,russian
1993,song of the year,Американский Футбол,Анжелика Варум,,russian
1993,song of the year,Капитан,Богдан Титомир,,russian
1993,song of the year,Свет Любви,Татьяна Овсиенко,,russian
1993,song of the year,Синий Конверт,Иосиф Кобзон,,russian
1993,song of the year,Ночь,Иосиф Кобзон,,russian
1993,song of the year,Я С Тобой,Лада Дэнс,,russian
1993,song of the year,Просто Кончилась Зима,Сосо Павлиашвили,,russian
1993,song of the year,Ой-Ой-Ой,Алена Свиридова,,russian
1993,song of the year,Над Пропастью Во Ржи,Кабарэ-Дуэт Академия,,russian
1993,song of the year,"Прости, Прощай",Ирина Аллегрова,,russian
1993,song of the year,Почему Я Сказала Вам Нет,Александр Серов,,russian
1993,song of the year,"О, Боже",Эдита Пьеха,,russian
1993,song of the year,Пара Белых Голубей,Сергей Челобанов,,russian
1993,song of the year,Вкус Любви,София Ротару,,russian
1993,song of the year,Воздуха Глоток,София Ротару,,russian
1993,song of the year,Казанова,Валерий Леонтьев,,russian
1993,song of the year,Осенний Поцелуй,Валерий Леонтьев,,russian
1993,song of the year,Россия,Алла Пугачева,,russian
1993,song of the year,Unknown,Алла Пугачева,,russian
1991,song of the year,Евгений Белоусов,Алешка,,russian
1991,song of the year,Анжелина Петросова,Танго На Льду,,russian
1991,song of the year,На-На,Соловей-Разбойник,,russian
1991,song of the year,Валентина Толкунова,"Здравствуй, Сынок",,russian
1991,song of the year,Валентина Толкунова,Сорок Пять,,russian
1991,song of the year,Русские,Ну И Что,,russian
1991,song of the year,"Ядвига Поплавская, Александр Тиханович",Ванька,,russian
1991,song of the year,Виктор Вуячич,Беспокойное Сердце,,russian
1991,song of the year,Ольга Кормухина,День Без Тебя,,russian
1991,song of the year,Олег Газманов,Морячка,,russian
1991,song of the year,Ирина Аллегрова,Странник,,russian
1991,song of the year,Алексей Глызин,Настольная Лампа,,russian
1991,song of the year,Любэ,Станция Таганская,,russian
1991,song of the year,Роксана Бабаян,Не Тронь Чужого,,russian
1991,song of the year,Лев Лещенко,Уходят Годы,,russian
1991,song of the year,Александр Кальянов,За Кордон,,russian
1991,song of the year,Ирина Шведова,Америка-Разлучница,,russian
1991,song of the year,Браво,Вася,,russian
1991,song of the year,Татьяна Овсиенко,Запопни Меня,,russian
1991,song of the year,Юрий Лоза,"Пой, Моя Гитара",,russian
1991,song of the year,Филипп Киркоров,"Ты, Ты, Ты",,russian
1991,song of the year,Андрей Билль,"О, Сан-Ремо!",,russian
1991,song of the year,Вячеслав Добрынин,Казино,,russian
1991,song of the year,Александр Морозов,К Маме,,russian
1991,song of the year,Андрей Державин,Первые Цветы,,russian
1991,song of the year,Лариса Долина,Старый Знакомый,,russian
1991,song of the year,Надежда Бабкина,Самовары-Прянички,,russian
1991,song of the year,Участники Конкурса Юрмала-91,Только Сейчас,,russian
1991,song of the year,Урмас Отт,"Останься, Молодость",,russian
1991,song of the year,Эдита Пьеха,Женский Возраст,,russian
1991,song of the year,Дмитрий Маликов,Сторона Родная,,russian
1991,song of the year,Оризонт,Белые Ночи,,russian
1991,song of the year,Игорь Демарин,Листья Летнего Сада,,russian
1991,song of the year,"Сергей Рогожин, Группа Форум",Твои Серые Глаза,,russian
1991,song of the year,Кар-Мэн,Парень Из Африки,,russian
1991,song of the year,Веселые Ребята,Дама С Собачкой,,russian
1991,song of the year,Владимир Маркин,Сиреневый Туман,,russian
1991,song of the year,Анне Вески,Межсесонье,,russian
1991,song of the year,Михаил Муромов,Малибу,,russian
1991,song of the year,Ирина Понаровская,Ты Мой Бог,,russian
1991,song of the year,Сосо Павлиашвили,Музыка Друзьям,,russian
1991,song of the year,Екатерина Шаврина,Молодушки-Молодки,,russian
1991,song of the year,Иосиф Кобзон,Платье,,russian
1991,song of the year,Иосиф Кобзон,Серенада,,russian
1991,song of the year,Маша Распутина,Белый Мерседес,,russian
1991,song of the year,Сестры Роуз,Свадебные Цветы,,russian
1991,song of the year,Нескучный Сад,"Давайте, Люся, Потанцуем",,russian
1991,song of the year,София Ротару,Караван Любви,,russian
1991,song of the year,Была,Не Была,,russian
1991,song of the year,Я Заводной,София Ротару,,russian
1991,song of the year,Unknown,Валерий Леонтьев,,russian
